3天前成交金額,3天前開盤價,3天前最高價,3天前最低價,3天前收盤價,3天前漲跌價差,3天前成交筆數,3天前投信,3天前自營商,3天前外資,2天前成交金額,2天前開盤價,2天前最高價,2天前最低價,2天前收盤價,2天前漲跌價差,2天前成交筆數,2天前投信,2天前自營商,2天前外資,1天前成交金額,1天前開盤價,1天前最高價,1天前最低價,1天前收盤價,1天前漲跌價差,1天前成交筆數,1天前投信,1天前自營商,1天前外資,RiseOrFall
"257,226,577",12.15,12.15,11.8,11.85,-0.30,"4,615",-220,-720,-11165,"272,737,588",11.8,11.85,11.55,11.65,-0.20,"6,064",0,-166,-8247,"247,452,339",11.6,11.7,11.5,11.6,-0.05,"4,733",1,-310,-1735,-0.45
"247,452,339",11.6,11.7,11.5,11.6,-0.05,"4,733",1,-310,-1735,"390,945,176",11.55,11.6,11.1,11.15,-0.45,"6,428",-426,421,-13332,"313,240,969",11.1,11.25,11.1,11.2,+0.05,"4,828",0,2720,-12246,-0.4
"390,945,176",11.55,11.6,11.1,11.15,-0.45,"6,428",-426,421,-13332,"313,240,969",11.1,11.25,11.1,11.2,+0.05,"4,828",0,2720,-12246,"327,177,528",11.05,11.1,10.75,10.8,-0.40,"6,629",0,-1933,-10328,-0.05
"313,240,969",11.1,11.25,11.1,11.2,+0.05,"4,828",0,2720,-12246,"327,177,528",11.05,11.1,10.75,10.8,-0.40,"6,629",0,-1933,-10328,"354,216,954",10.85,10.85,10.7,10.75,-0.05,"6,188",-3,-1110,-13138,0.0
"327,177,528",11.05,11.1,10.75,10.8,-0.40,"6,629",0,-1933,-10328,"354,216,954",10.85,10.85,10.7,10.75,-0.05,"6,188",-3,-1110,-13138,"295,543,210",10.8,10.85,10.65,10.75, 0.00,"6,023",-117,409,-4889,-0.35
"354,216,954",10.85,10.85,10.7,10.75,-0.05,"6,188",-3,-1110,-13138,"295,543,210",10.8,10.85,10.65,10.75, 0.00,"6,023",-117,409,-4889,"356,891,405",10.6,10.6,10.25,10.4,-0.35,"6,662",0,-35,-9686,-0.25
"356,891,405",10.6,10.6,10.25,10.4,-0.35,"6,662",0,-35,-9686,"370,835,980",10.45,10.55,10.15,10.15,-0.25,"6,814",-72,-611,-21995,"428,459,422",10.0,10.35,10.0,10.25,+0.10,"8,262",0,-557,-7449,0.0
"370,835,980",10.45,10.55,10.15,10.15,-0.25,"6,814",-72,-611,-21995,"428,459,422",10.0,10.35,10.0,10.25,+0.10,"8,262",0,-557,-7449,"175,296,665",10.3,10.3,10.2,10.25, 0.00,"3,585",0,428,-8010,-0.2
"428,459,422",10.0,10.35,10.0,10.25,+0.10,"8,262",0,-557,-7449,"175,296,665",10.3,10.3,10.2,10.25, 0.00,"3,585",0,428,-8010,"245,260,797",10.2,10.25,10.0,10.05,-0.20,"4,242",-54,-996,-8345,-0.08
"327,892,150",10.1,10.15,9.97,9.97,-0.08,"5,880",0,-1557,-9510,"206,444,494",10.1,10.2,10.05,10.2,+0.23,"3,822",0,-812,364,"338,868,943",10.25,10.35,10.2,10.3,+0.10,"5,621",-7,259,-13022,-0.25
"206,444,494",10.1,10.2,10.05,10.2,+0.23,"3,822",0,-812,364,"338,868,943",10.25,10.35,10.2,10.3,+0.10,"5,621",-7,259,-13022,"236,187,843",10.2,10.2,10.05,10.05,-0.25,"4,482",2,-906,-7387,0.0
"338,868,943",10.25,10.35,10.2,10.3,+0.10,"5,621",-7,259,-13022,"236,187,843",10.2,10.2,10.05,10.05,-0.25,"4,482",2,-906,-7387,"244,799,254",10.1,10.15,10.05,10.05, 0.00,"3,655",0,-309,-5649,0.0
"288,239,607",10.0,10.2,10.0,10.05, 0.00,"3,306",-3,117,-9331,"850,555,876",10.15,10.55,10.1,10.3,+0.25,"8,768",4,2244,-19430,"422,181,456",10.45,10.8,10.45,10.8,+0.50,"6,832",63,1606,2953,0.0
"850,555,876",10.15,10.55,10.1,10.3,+0.25,"8,768",4,2244,-19430,"422,181,456",10.45,10.8,10.45,10.8,+0.50,"6,832",63,1606,2953,"330,205,507",10.8,10.85,10.55,10.8, 0.00,"7,058",0,-1654,4203,0.0
"422,181,456",10.45,10.8,10.45,10.8,+0.50,"6,832",63,1606,2953,"330,205,507",10.8,10.85,10.55,10.8, 0.00,"7,058",0,-1654,4203,"344,834,923",10.7,10.9,10.6,10.8, 0.00,"5,796",0,-421,122,-0.25
"330,205,507",10.8,10.85,10.55,10.8, 0.00,"7,058",0,-1654,4203,"344,834,923",10.7,10.9,10.6,10.8, 0.00,"5,796",0,-421,122,"247,919,465",10.65,10.7,10.5,10.55,-0.25,"4,912",0,-1537,-11735,-0.1
"247,919,465",10.65,10.7,10.5,10.55,-0.25,"4,912",0,-1537,-11735,"256,721,760",10.4,10.55,10.35,10.45,-0.10,"5,226",-6,117,-5782,"396,391,915",10.55,10.95,10.5,10.85,+0.40,"5,939",0,2437,4851,-0.1
"396,391,915",10.55,10.95,10.5,10.85,+0.40,"5,939",0,2437,4851,"203,169,774",10.85,10.9,10.7,10.75,-0.10,"4,320",3,-318,-3469,"422,044,083",10.85,10.95,10.75,10.85,+0.10,"6,983",0,724,4189,-0.05
"203,169,774",10.85,10.9,10.7,10.75,-0.10,"4,320",3,-318,-3469,"422,044,083",10.85,10.95,10.75,10.85,+0.10,"6,983",0,724,4189,"142,020,548",10.8,10.85,10.7,10.8,-0.05,"3,567",10,-37,-4677,-0.05
"142,020,548",10.8,10.85,10.7,10.8,-0.05,"3,567",10,-37,-4677,"189,124,265",10.8,10.9,10.7,10.75,-0.05,"4,840",0,-8,-1639,"184,884,580",10.85,10.85,10.7,10.8,+0.05,"4,166",0,6,-2819,-0.1
"184,884,580",10.85,10.85,10.7,10.8,+0.05,"4,166",0,6,-2819,"282,516,375",10.75,10.8,10.6,10.7,-0.10,"6,226",0,-570,-3795,"220,487,253",10.7,10.8,10.6,10.8,+0.10,"4,149",0,-467,-2928,-0.1
"437,840,505",10.95,11.15,10.9,11.1,+0.25,"7,659",-48,-37,819,"663,735,548",11.1,11.6,11.1,11.6,+0.50,"10,705",0,318,13868,"1,005,634,903",11.65,12.15,11.55,11.9,+0.30,"13,172",0,1342,-10543,0.0
"1,005,634,903",11.65,12.15,11.55,11.9,+0.30,"13,172",0,1342,-10543,"477,170,491",12.0,12.1,11.8,11.9, 0.00,"7,243",0,-1341,-1391,"342,669,981",11.9,11.95,11.65,11.95,+0.05,"5,735",-10,-1558,9703,-0.2
"342,669,981",11.9,11.95,11.65,11.95,+0.05,"5,735",-10,-1558,9703,"599,471,260",11.85,11.95,11.75,11.75,-0.20,"5,899",4915,961,-12259,"283,914,640",11.75,12.0,11.7,11.95,+0.20,"4,199",8,436,3153,-0.05
"599,471,260",11.85,11.95,11.75,11.75,-0.20,"5,899",4915,961,-12259,"283,914,640",11.75,12.0,11.7,11.95,+0.20,"4,199",8,436,3153,"282,902,493",11.85,11.9,11.75,11.9,-0.05,"4,633",0,-114,-2705,-0.05
"283,914,640",11.75,12.0,11.7,11.95,+0.20,"4,199",8,436,3153,"282,902,493",11.85,11.9,11.75,11.9,-0.05,"4,633",0,-114,-2705,"361,777,547",11.95,12.05,11.8,11.85,-0.05,"5,201",0,-37,-7802,-0.4
"203,268,450",11.55,11.6,11.5,11.6,+0.15,"4,571",0,-1316,6593,"346,871,580",11.75,11.9,11.65,11.75,+0.15,"5,531",0,479,5968,"369,949,569",11.8,11.85,11.7,11.8,+0.05,"5,567",1,-989,4067,0.0
"346,871,580",11.75,11.9,11.65,11.75,+0.15,"5,531",0,479,5968,"369,949,569",11.8,11.85,11.7,11.8,+0.05,"5,567",1,-989,4067,"232,325,462",11.85,11.85,11.6,11.8, 0.00,"4,098",99,211,-2340,-0.25
"232,325,462",11.85,11.85,11.6,11.8, 0.00,"4,098",99,211,-2340,"415,595,006",11.7,11.75,11.5,11.55,-0.25,"5,678",0,8715,-8536,"237,931,740",11.5,11.7,11.5,11.6,+0.05,"3,822",76,667,7065,0.0
"415,595,006",11.7,11.75,11.5,11.55,-0.25,"5,678",0,8715,-8536,"237,931,740",11.5,11.7,11.5,11.6,+0.05,"3,822",76,667,7065,"204,467,294",11.55,11.6,11.4,11.6, 0.00,"4,041",0,-365,2937,-0.1
"204,467,294",11.55,11.6,11.4,11.6, 0.00,"4,041",0,-365,2937,"126,446,915",11.65,11.65,11.45,11.5,-0.10,"2,017",0,283,-5219,"103,491,901",11.5,11.6,11.45,11.55,+0.05,"2,008",-366,467,4314,-0.15
"103,491,901",11.5,11.6,11.45,11.55,+0.05,"2,008",-366,467,4314,"285,267,800",11.45,11.5,11.25,11.4,-0.15,"4,559",0,-2829,5708,"226,972,211",11.4,11.6,11.35,11.6,+0.20,"4,389",0,228,12579,-0.1
"285,267,800",11.45,11.5,11.25,11.4,-0.15,"4,559",0,-2829,5708,"226,972,211",11.4,11.6,11.35,11.6,+0.20,"4,389",0,228,12579,"283,893,457",11.65,11.65,11.4,11.5,-0.10,"4,341",0,1032,-2280,-0.15
"226,972,211",11.4,11.6,11.35,11.6,+0.20,"4,389",0,228,12579,"283,893,457",11.65,11.65,11.4,11.5,-0.10,"4,341",0,1032,-2280,"185,607,233",11.4,11.45,11.3,11.35,-0.15,"3,437",0,-958,-4351,-0.05
"283,893,457",11.65,11.65,11.4,11.5,-0.10,"4,341",0,1032,-2280,"185,607,233",11.4,11.45,11.3,11.35,-0.15,"3,437",0,-958,-4351,"300,170,648",11.25,11.3,11.15,11.3,-0.05,"4,958",0,490,1877,-0.35
"185,607,233",11.4,11.45,11.3,11.35,-0.15,"3,437",0,-958,-4351,"300,170,648",11.25,11.3,11.15,11.3,-0.05,"4,958",0,490,1877,"517,519,786",11.15,11.15,10.85,10.95,-0.35,"7,129",-2,-1041,-23438,-0.1
"300,170,648",11.25,11.3,11.15,11.3,-0.05,"4,958",0,490,1877,"517,519,786",11.15,11.15,10.85,10.95,-0.35,"7,129",-2,-1041,-23438,"445,134,460",10.8,11.0,10.75,10.85,-0.10,"8,439",0,942,-22223,0.0
"517,519,786",11.15,11.15,10.85,10.95,-0.35,"7,129",-2,-1041,-23438,"445,134,460",10.8,11.0,10.75,10.85,-0.10,"8,439",0,942,-22223,"140,947,008",10.85,10.9,10.8,10.85, 0.00,"2,784",0,-607,-6495,-0.2
"384,760,019",10.7,10.8,10.65,10.75,+0.10,"8,281",-41,578,-11088,"310,117,207",10.85,10.95,10.8,10.85,+0.10,"4,467",0,934,1754,"229,544,261",10.9,11.0,10.8,10.95,+0.10,"3,825",56,-144,7241,-0.05
"310,117,207",10.85,10.95,10.8,10.85,+0.10,"4,467",0,934,1754,"229,544,261",10.9,11.0,10.8,10.95,+0.10,"3,825",56,-144,7241,"100,659,954",10.9,10.95,10.85,10.9,-0.05,"2,827",0,-121,-1434,-0.15
"229,544,261",10.9,11.0,10.8,10.95,+0.10,"3,825",56,-144,7241,"100,659,954",10.9,10.95,10.85,10.9,-0.05,"2,827",0,-121,-1434,"201,073,690",10.95,11.0,10.7,10.75,-0.15,"3,302",0,6,-12621,-0.15
"236,726,145",10.8,10.9,10.6,10.6,-0.15,"4,182",2,-735,-4015,"174,015,393",10.7,10.7,10.6,10.65,+0.05,"3,190",0,2396,-1172,"132,533,476",10.65,10.8,10.6,10.75,+0.10,"2,383",0,-376,1333,0.0
"177,021,295",10.6,10.75,10.6,10.75, 0.00,"2,020",-1,7899,-740,"240,538,644",10.8,10.95,10.75,10.9,+0.15,"3,020",0,4822,2612,"155,738,389",10.85,10.95,10.8,10.95,+0.05,"3,255",0,335,-2456,-0.3
"240,538,644",10.8,10.95,10.75,10.9,+0.15,"3,020",0,4822,2612,"155,738,389",10.85,10.95,10.8,10.95,+0.05,"3,255",0,335,-2456,"203,864,312",10.95,10.95,10.65,10.65,-0.30,"4,052",0,-455,-9129,0.0
"155,738,389",10.85,10.95,10.8,10.95,+0.05,"3,255",0,335,-2456,"203,864,312",10.95,10.95,10.65,10.65,-0.30,"4,052",0,-455,-9129,"286,333,769",10.6,10.75,10.55,10.65, 0.00,"3,863",0,244,-15102,0.0
"203,864,312",10.95,10.95,10.65,10.65,-0.30,"4,052",0,-455,-9129,"286,333,769",10.6,10.75,10.55,10.65, 0.00,"3,863",0,244,-15102,"230,574,960",10.7,10.75,10.5,10.65, 0.00,"3,065",0,-2,-5055,-0.35
"286,333,769",10.6,10.75,10.55,10.65, 0.00,"3,863",0,244,-15102,"230,574,960",10.7,10.75,10.5,10.65, 0.00,"3,065",0,-2,-5055,"365,110,862",10.6,10.6,10.15,10.3,-0.35,"5,344",0,131,-20165,-0.05
"230,574,960",10.7,10.75,10.5,10.65, 0.00,"3,065",0,-2,-5055,"365,110,862",10.6,10.6,10.15,10.3,-0.35,"5,344",0,131,-20165,"309,390,906",10.3,10.35,10.2,10.25,-0.05,"3,991",4,155,-23831,-0.1
"309,390,906",10.3,10.35,10.2,10.25,-0.05,"3,991",4,155,-23831,"354,846,391",10.25,10.25,10.1,10.15,-0.10,"7,378",0,-899,-23188,"280,388,906",10.2,10.3,10.15,10.2,+0.05,"3,603",0,215,-20913,0.0
"354,846,391",10.25,10.25,10.1,10.15,-0.10,"7,378",0,-899,-23188,"280,388,906",10.2,10.3,10.15,10.2,+0.05,"3,603",0,215,-20913,"360,397,404",10.15,10.3,10.1,10.2, 0.00,"4,773",11,658,-26828,0.0
"280,388,906",10.2,10.3,10.15,10.2,+0.05,"3,603",0,215,-20913,"360,397,404",10.15,10.3,10.1,10.2, 0.00,"4,773",11,658,-26828,"487,375,186",10.3,10.3,10.1,10.2, 0.00,"4,622",0,-1638,-35052,0.0
"360,397,404",10.15,10.3,10.1,10.2, 0.00,"4,773",11,658,-26828,"487,375,186",10.3,10.3,10.1,10.2, 0.00,"4,622",0,-1638,-35052,"358,819,428",10.15,10.3,10.1,10.2, 0.00,"3,963",0,-83,-24452,-0.05
"358,819,428",10.15,10.3,10.1,10.2, 0.00,"3,963",0,-83,-24452,"299,276,077",10.2,10.2,10.1,10.15,-0.05,"6,515",2,100,-17239,"319,909,981",10.15,10.25,10.1,10.2,+0.05,"4,705",0,-342,-11252,0.0
"299,276,077",10.2,10.2,10.1,10.15,-0.05,"6,515",2,100,-17239,"319,909,981",10.15,10.25,10.1,10.2,+0.05,"4,705",0,-342,-11252,"360,708,146",10.15,10.25,10.1,10.2, 0.00,"4,702",0,81,-16340,-0.05
"360,708,146",10.15,10.25,10.1,10.2, 0.00,"4,702",0,81,-16340,"307,276,590",10.15,10.2,10.1,10.15,-0.05,"7,872",0,329,-15437,"288,116,089",10.15,10.25,10.1,10.2,+0.05,"3,725",0,15,-3224,-0.05
"288,116,089",10.15,10.25,10.1,10.2,+0.05,"3,725",0,15,-3224,"115,246,135",10.25,10.3,10.15,10.15,-0.05,"2,061",0,-703,-932,"254,573,635",10.15,10.5,10.1,10.5,+0.35,"3,767",0,846,5402,-0.15
"254,573,635",10.15,10.5,10.1,10.5,+0.35,"3,767",0,846,5402,"137,087,354",10.5,10.55,10.35,10.35,-0.15,"3,257",0,-33,-1244,"195,828,271",10.45,10.55,10.4,10.55,+0.20,"3,279",0,-92,2054,-0.05
"231,350,999",10.55,10.75,10.5,10.7,+0.20,"3,856",0,333,6253,"223,227,010",10.7,10.85,10.65,10.8,+0.10,"4,950",0,-391,8121,"493,909,235",10.8,11.0,10.7,11.0,+0.20,"5,704",-52,272,9167,-0.05
"223,227,010",10.7,10.85,10.65,10.8,+0.10,"4,950",0,-391,8121,"493,909,235",10.8,11.0,10.7,11.0,+0.20,"5,704",-52,272,9167,"422,232,453",11.0,11.1,10.9,10.95,-0.05,"8,442",0,756,5705,-0.2
"493,909,235",10.8,11.0,10.7,11.0,+0.20,"5,704",-52,272,9167,"422,232,453",11.0,11.1,10.9,10.95,-0.05,"8,442",0,756,5705,"3,505,820,504",10.85,10.85,10.6,10.75,-0.20,"8,367",0,-281,236325,-0.15
"3,505,820,504",10.85,10.85,10.6,10.75,-0.20,"8,367",0,-281,236325,"789,008,377",10.75,10.75,10.5,10.6,-0.15,"9,183",10,459,-34472,"54,893,457",10.6,10.7,10.55,10.65,+0.05,996,0,195,199,0.0
"275,179,710",10.65,10.7,10.6,10.65, 0.00,"4,073",0,-234,3728,"422,155,172",10.7,10.75,10.65,10.7,+0.05,"6,201",0,371,-975,"348,944,441",10.75,10.8,10.65,10.75,+0.05,"5,209",0,355,730,-0.45
"422,155,172",10.7,10.75,10.65,10.7,+0.05,"6,201",0,371,-975,"348,944,441",10.75,10.8,10.65,10.75,+0.05,"5,209",0,355,730,"605,554,875",10.65,10.65,10.25,10.3,-0.45,"9,329",0,-710,-36969,0.0
"605,554,875",10.65,10.65,10.25,10.3,-0.45,"9,329",0,-710,-36969,"187,717,250",10.35,10.4,10.3,10.3, 0.00,"5,656",0,428,-7493,"179,708,879",10.35,10.4,10.3,10.35,+0.05,"4,239",0,280,-8497,-0.1
"318,843,900",10.35,10.35,10.2,10.25,-0.10,"4,404",726,-319,-17828,"282,442,314",10.3,10.35,10.25,10.3,+0.05,"4,970",1891,37,-2886,"156,965,409",10.3,10.4,10.3,10.4,+0.10,"3,765",397,173,-511,0.0
"156,965,409",10.3,10.4,10.3,10.4,+0.10,"3,765",397,173,-511,"217,902,273",10.4,10.45,10.35,10.4, 0.00,"4,576",332,-181,5745,"188,004,311",10.4,10.45,10.3,10.45,+0.05,"3,877",0,4,2276,-0.05
"217,902,273",10.4,10.45,10.35,10.4, 0.00,"4,576",332,-181,5745,"188,004,311",10.4,10.45,10.3,10.45,+0.05,"3,877",0,4,2276,"140,316,403",10.4,10.45,10.35,10.4,-0.05,"2,278",0,12,2182,-0.2
"188,004,311",10.4,10.45,10.3,10.45,+0.05,"3,877",0,4,2276,"140,316,403",10.4,10.45,10.35,10.4,-0.05,"2,278",0,12,2182,"434,295,603",10.4,10.45,10.1,10.2,-0.20,"5,246",-44,-877,-11279,0.0
"167,488,162",10.15,10.25,10.1,10.25,+0.05,"3,145",-2,-33,-1500,"188,541,266",10.25,10.35,10.2,10.35,+0.10,"3,082",0,220,3285,"267,088,971",10.35,10.45,10.3,10.4,+0.05,"4,034",2,-138,2103,0.0
"168,897,273",10.4,10.45,10.35,10.4, 0.00,"3,139",0,587,4290,"159,684,728",10.4,10.55,10.4,10.45,+0.05,"3,649",0,319,1232,"852,636,340",10.5,11.0,10.5,10.95,+0.50,"11,760",-98,2410,47404,-0.2
"159,684,728",10.4,10.55,10.4,10.45,+0.05,"3,649",0,319,1232,"852,636,340",10.5,11.0,10.5,10.95,+0.50,"11,760",-98,2410,47404,"365,684,566",10.9,10.9,10.7,10.75,-0.20,"6,874",-102,-1959,-2192,0.0
"365,684,566",10.9,10.9,10.7,10.75,-0.20,"6,874",-102,-1959,-2192,"159,135,215",10.8,10.85,10.7,10.75, 0.00,"3,521",0,-178,554,"383,413,124",10.85,10.95,10.8,10.9,+0.15,"7,847",0,1057,16186,0.0
"159,135,215",10.8,10.85,10.7,10.75, 0.00,"3,521",0,-178,554,"383,413,124",10.85,10.95,10.8,10.9,+0.15,"7,847",0,1057,16186,"480,744,859",10.95,11.0,10.85,10.9, 0.00,"7,322",0,-122,21607,0.0
"480,744,859",10.95,11.0,10.85,10.9, 0.00,"7,322",0,-122,21607,"505,010,666",11.0,11.0,10.85,10.9, 0.00,"7,456",0,3119,12043,"816,731,290",10.9,11.05,10.9,10.95,+0.05,"9,665",39,11929,13754,0.0
"799,949,669",10.7,11.0,10.7,11.0,0,"13,197",0,-12759,29966,"468,741,266",11.05,11.2,11.05,11.15,+0.15,"9,269",0,-1408,9961,"402,505,227",11.15,11.25,11.05,11.2,+0.05,"7,356",18,137,16685,-0.1
"402,505,227",11.15,11.25,11.05,11.2,+0.05,"7,356",18,137,16685,"369,160,588",11.2,11.2,11.0,11.1,-0.10,"7,788",79,-1119,3875,"478,453,733",11.15,11.2,11.1,11.2,+0.10,"9,043",-26,632,10538,-0.15
"369,160,588",11.2,11.2,11.0,11.1,-0.10,"7,788",79,-1119,3875,"478,453,733",11.15,11.2,11.1,11.2,+0.10,"9,043",-26,632,10538,"307,881,350",11.2,11.2,10.95,11.05,-0.15,"5,925",107,-951,-1385,-0.05
"307,881,350",11.2,11.2,10.95,11.05,-0.15,"5,925",107,-951,-1385,"324,814,258",11.1,11.1,10.85,11.0,-0.05,"5,652",475,-163,301,"594,408,935",11.0,11.4,10.9,11.35,+0.35,"11,023",3273,1336,27948,-0.05
"324,814,258",11.1,11.1,10.85,11.0,-0.05,"5,652",475,-163,301,"594,408,935",11.0,11.4,10.9,11.35,+0.35,"11,023",3273,1336,27948,"368,052,765",11.4,11.45,11.25,11.3,-0.05,"5,959",-2,-773,3039,0.0
"594,408,935",11.0,11.4,10.9,11.35,+0.35,"11,023",3273,1336,27948,"368,052,765",11.4,11.45,11.25,11.3,-0.05,"5,959",-2,-773,3039,"486,753,588",11.3,11.35,11.15,11.3, 0.00,"9,249",115,499,15601,-0.1
"273,058,908",11.3,11.35,11.2,11.2,-0.10,"4,603",-21,-810,-75,"307,390,263",11.2,11.3,11.15,11.25,+0.05,"7,171",1,435,13059,"387,760,943",11.25,11.35,11.2,11.35,+0.10,"6,826",-10,-165,10085,-0.15
"307,390,263",11.2,11.3,11.15,11.25,+0.05,"7,171",1,435,13059,"387,760,943",11.25,11.35,11.2,11.35,+0.10,"6,826",-10,-165,10085,"310,183,322",11.25,11.3,11.15,11.2,-0.15,"8,720",19,3,-9621,-0.05
"330,482,865",11.35,11.45,11.3,11.45,+0.20,"8,078",-8,-720,7637,"482,002,386",11.4,11.6,11.35,11.55,+0.10,"8,016",-1,554,2865,"709,336,558",11.55,11.9,11.5,11.85,+0.30,"9,332",2,3596,3989,-0.1
"709,336,558",11.55,11.9,11.5,11.85,+0.30,"9,332",2,3596,3989,"387,821,686",11.8,11.8,11.45,11.75,-0.10,"7,641",6,-4411,-5176,"473,811,316",11.75,11.95,11.7,11.95,+0.20,"9,051",-7,2826,16337,-0.05
"387,821,686",11.8,11.8,11.45,11.75,-0.10,"7,641",6,-4411,-5176,"473,811,316",11.75,11.95,11.7,11.95,+0.20,"9,051",-7,2826,16337,"295,248,939",11.95,11.95,11.8,11.9,-0.05,"4,728",24,-2793,2082,-0.05
"473,811,316",11.75,11.95,11.7,11.95,+0.20,"9,051",-7,2826,16337,"295,248,939",11.95,11.95,11.8,11.9,-0.05,"4,728",24,-2793,2082,"279,517,548",11.9,11.9,11.75,11.85,-0.05,"5,332",-15,-1384,3223,-0.1
"279,517,548",11.9,11.9,11.75,11.85,-0.05,"5,332",-15,-1384,3223,"226,276,660",11.75,11.8,11.7,11.75,-0.10,"6,945",6,-388,-3484,"273,882,191",11.7,11.9,11.6,11.85,+0.10,"6,629",-6,-355,480,-0.4
"273,882,191",11.7,11.9,11.6,11.85,+0.10,"6,629",-6,-355,480,"330,541,750",11.8,11.8,11.45,11.45,-0.40,"8,833",-335,-1158,-9558,"285,853,021",11.4,11.6,11.25,11.6,+0.15,"6,489",0,-167,-2489,0.0
"330,541,750",11.8,11.8,11.45,11.45,-0.40,"8,833",-335,-1158,-9558,"285,853,021",11.4,11.6,11.25,11.6,+0.15,"6,489",0,-167,-2489,"219,566,672",11.55,11.7,11.45,11.6, 0.00,"6,420",-2,1224,-3869,-0.15
"219,566,672",11.55,11.7,11.45,11.6, 0.00,"6,420",-2,1224,-3869,"160,421,970",11.55,11.6,11.4,11.45,-0.15,"5,677",-12,-554,-5205,"188,350,975",11.4,11.7,11.4,11.7,+0.25,"5,138",-2,449,1956,0.0
"160,421,970",11.55,11.6,11.4,11.45,-0.15,"5,677",-12,-554,-5205,"188,350,975",11.4,11.7,11.4,11.7,+0.25,"5,138",-2,449,1956,"216,059,285",11.6,11.75,11.55,11.7, 0.00,"6,083",3,-10,-521,-0.3
"216,059,285",11.6,11.75,11.55,11.7, 0.00,"6,083",3,-10,-521,"278,888,158",11.6,11.6,11.4,11.4,-0.30,"6,786",-2,-377,-16991,"161,183,238",11.5,11.55,11.45,11.5,+0.10,"4,264",76,-508,-389,-0.25
"278,888,158",11.6,11.6,11.4,11.4,-0.30,"6,786",-2,-377,-16991,"161,183,238",11.5,11.55,11.45,11.5,+0.10,"4,264",76,-508,-389,"307,859,555",11.45,11.5,11.25,11.25,-0.25,"4,507",-6,-343,-11634,-0.15
"161,183,238",11.5,11.55,11.45,11.5,+0.10,"4,264",76,-508,-389,"307,859,555",11.45,11.5,11.25,11.25,-0.25,"4,507",-6,-343,-11634,"214,001,433",11.25,11.3,11.05,11.1,-0.15,"4,460",239,329,-10229,0.0
"155,609,133",11.25,11.4,11.25,11.4,+0.05,"3,268",0,364,-736,"190,074,072",11.35,11.5,11.35,11.45,+0.05,"3,545",25,325,227,"216,902,180",11.45,11.55,11.4,11.5,+0.05,"4,787",-11,-199,-4940,-0.3
"190,074,072",11.35,11.5,11.35,11.45,+0.05,"3,545",25,325,227,"216,902,180",11.45,11.55,11.4,11.5,+0.05,"4,787",-11,-199,-4940,"292,391,429",11.4,11.45,11.2,11.2,-0.30,"4,454",2,-739,-16762,-0.05
"292,391,429",11.4,11.45,11.2,11.2,-0.30,"4,454",2,-739,-16762,"136,975,105",11.05,11.2,11.0,11.15,-0.05,"1,936",0,-422,-3238,"236,186,180",11.1,11.25,11.05,11.2,+0.05,"3,582",0,402,-4473,-0.1
"136,975,105",11.05,11.2,11.0,11.15,-0.05,"1,936",0,-422,-3238,"236,186,180",11.1,11.25,11.05,11.2,+0.05,"3,582",0,402,-4473,"232,729,902",11.2,11.25,11.05,11.1,-0.10,"5,058",8,-683,-10678,-0.05
"232,729,902",11.2,11.25,11.05,11.1,-0.10,"5,058",8,-683,-10678,"186,232,554",11.1,11.15,11.05,11.05,-0.05,"3,326",152,-77,-7627,"217,206,882",11.1,11.3,11.1,11.2,+0.15,"3,279",0,1120,-6295,0.0
"186,232,554",11.1,11.15,11.05,11.05,-0.05,"3,326",152,-77,-7627,"217,206,882",11.1,11.3,11.1,11.2,+0.15,"3,279",0,1120,-6295,"145,165,538",11.2,11.3,11.15,11.2, 0.00,"3,509",188,40,-5903,0.0
"309,566,998",11.2,11.3,11.15,11.2, 0.00,"2,902",0,-15452,-2266,"100,761,471",11.25,11.3,11.2,11.3,+0.10,"2,103",0,10,4111,"103,066,554",11.3,11.35,11.25,11.35,+0.05,"2,222",0,367,3223,-0.15
"103,066,554",11.3,11.35,11.25,11.35,+0.05,"2,222",0,367,3223,"103,101,014",11.3,11.35,11.2,11.2,-0.15,"1,261",0,-324,-2999,"235,099,716",11.3,11.35,11.25,11.3,+0.10,"4,437",0,73,5555,-0.1
"191,498,503",11.3,11.3,11.2,11.2,-0.10,"3,920",152,-737,516,"77,656,804",11.25,11.3,11.2,11.25,+0.05,"1,446",0,555,478,"126,555,531",11.3,11.35,11.2,11.35,+0.10,"3,452",0,203,4179,-0.05
"77,656,804",11.25,11.3,11.2,11.25,+0.05,"1,446",0,555,478,"126,555,531",11.3,11.35,11.2,11.35,+0.10,"3,452",0,203,4179,"135,247,104",11.25,11.35,11.25,11.3,-0.05,"3,146",0,-185,1651,0.0
"126,555,531",11.3,11.35,11.2,11.35,+0.10,"3,452",0,203,4179,"135,247,104",11.25,11.35,11.25,11.3,-0.05,"3,146",0,-185,1651,"92,627,086",11.3,11.35,11.25,11.3, 0.00,"2,978",0,-182,-1697,0.0
"135,247,104",11.25,11.35,11.25,11.3,-0.05,"3,146",0,-185,1651,"92,627,086",11.3,11.35,11.25,11.3, 0.00,"2,978",0,-182,-1697,"128,184,870",11.35,11.35,11.2,11.3, 0.00,"2,181",0,288,1466,-0.05
"128,184,870",11.35,11.35,11.2,11.3, 0.00,"2,181",0,288,1466,"159,696,490",11.35,11.35,11.2,11.25,-0.05,"2,824",3,-38,1757,"537,524,017",11.2,11.3,11.2,11.3,+0.05,"3,049",-2,88,2063,-0.2
"537,524,017",11.2,11.3,11.2,11.3,+0.05,"3,049",-2,88,2063,"196,015,870",11.3,11.3,11.1,11.1,-0.20,"5,179",4,-167,-10145,"107,294,110",11.15,11.25,11.1,11.25,+0.15,"2,480",0,-434,5269,-0.1
"107,294,110",11.15,11.25,11.1,11.25,+0.15,"2,480",0,-434,5269,"98,367,488",11.25,11.25,11.1,11.15,-0.10,"2,338",0,-121,283,"124,858,283",11.15,11.3,11.15,11.3,+0.15,"2,443",0,-103,6366,0.0
"124,858,283",11.15,11.3,11.15,11.3,+0.15,"2,443",0,-103,6366,"138,725,225",11.3,11.35,11.25,11.3, 0.00,"2,625",0,667,6492,"599,983,032",11.45,11.75,11.45,11.7,+0.40,"8,495",20,3004,30109,0.0
"138,725,225",11.3,11.35,11.25,11.3, 0.00,"2,625",0,667,6492,"599,983,032",11.45,11.75,11.45,11.7,+0.40,"8,495",20,3004,30109,"320,786,789",11.7,11.8,11.6,11.7, 0.00,"4,862",-6,-1570,3146,0.0
"320,786,789",11.7,11.8,11.6,11.7, 0.00,"4,862",-6,-1570,3146,"130,933,886",11.7,11.8,11.65,11.7, 0.00,"2,609",0,6,3429,"160,432,860",11.75,11.75,11.65,11.75,+0.05,"5,073",0,150,8274,-0.1
"130,933,886",11.7,11.8,11.65,11.7, 0.00,"2,609",0,6,3429,"160,432,860",11.75,11.75,11.65,11.75,+0.05,"5,073",0,150,8274,"127,174,965",11.75,11.75,11.6,11.65,-0.10,"3,445",0,647,2826,0.0
"143,351,839",11.7,11.75,11.6,11.65, 0.00,"3,790",0,564,2920,"163,540,143",11.7,11.75,11.6,11.75,+0.10,"3,989",0,-67,8720,"122,567,064",11.65,11.8,11.6,11.8,+0.05,"3,064",0,-810,-225,-0.05
"163,540,143",11.7,11.75,11.6,11.75,+0.10,"3,989",0,-67,8720,"122,567,064",11.65,11.8,11.6,11.8,+0.05,"3,064",0,-810,-225,"118,237,069",11.75,11.8,11.65,11.75,-0.05,"3,009",-4,-589,4898,-0.1
"122,567,064",11.65,11.8,11.6,11.8,+0.05,"3,064",0,-810,-225,"118,237,069",11.75,11.8,11.65,11.75,-0.05,"3,009",-4,-589,4898,"106,653,160",11.65,11.75,11.6,11.65,-0.10,"2,705",0,110,1089,-0.3
"267,604,510",11.6,11.65,11.35,11.35,-0.30,"5,829",0,545,-4450,"161,331,120",11.35,11.6,11.35,11.6,+0.25,"4,458",-548,-1654,6003,"149,983,996",11.55,11.75,11.55,11.7,+0.10,"4,026",0,561,3251,0.0
"161,331,120",11.35,11.6,11.35,11.6,+0.25,"4,458",-548,-1654,6003,"149,983,996",11.55,11.75,11.55,11.7,+0.10,"4,026",0,561,3251,"113,113,225",11.75,11.75,11.6,11.7, 0.00,"2,480",0,-97,3560,-0.4
"113,113,225",11.75,11.75,11.6,11.7, 0.00,"2,480",0,-97,3560,"401,337,119",11.8,11.85,11.25,11.3,-0.40,"7,095",0,-1090,-2193,"229,133,567",11.6,11.7,11.55,11.7,+0.40,"4,603",0,872,8857,-0.2
"229,133,567",11.6,11.7,11.55,11.7,+0.40,"4,603",0,872,8857,"262,620,328",11.65,11.7,11.5,11.5,-0.20,"5,139",0,-501,-7540,"279,758,005",11.45,11.7,11.4,11.6,+0.10,"4,570",0,608,-5095,-0.1
"262,620,328",11.65,11.7,11.5,11.5,-0.20,"5,139",0,-501,-7540,"279,758,005",11.45,11.7,11.4,11.6,+0.10,"4,570",0,608,-5095,"200,960,166",11.65,11.7,11.5,11.5,-0.10,"3,598",0,-327,-3207,0.0
"200,960,166",11.65,11.7,11.5,11.5,-0.10,"3,598",0,-327,-3207,"158,565,076",11.55,11.6,11.5,11.5, 0.00,"3,399",0,-104,-2161,"117,836,292",11.5,11.6,11.45,11.55,+0.05,"3,027",0,-63,-2114,-0.15
"157,693,098",11.5,11.55,11.4,11.4,-0.15,"4,177",0,1749,-6988,"163,666,011",11.4,11.55,11.35,11.55,+0.15,"3,351",0,-271,-555,"180,130,969",11.55,11.65,11.45,11.65,+0.10,"3,605",0,-273,5138,0.0
"180,130,969",11.55,11.65,11.45,11.65,+0.10,"3,605",0,-273,5138,"139,246,423",11.7,11.7,11.55,11.65, 0.00,"3,542",0,52,453,"381,840,818",11.65,11.9,11.6,11.8,+0.15,"5,686",0,5449,404,-0.15
"381,840,818",11.65,11.9,11.6,11.8,+0.15,"5,686",0,5449,404,"482,412,829",11.75,12.0,11.65,11.65,-0.15,"5,726",0,-1481,-603,"331,116,358",11.75,11.9,11.7,11.75,+0.10,"6,244",-26,-552,10404,-0.1
"482,412,829",11.75,12.0,11.65,11.65,-0.15,"5,726",0,-1481,-603,"331,116,358",11.75,11.9,11.7,11.75,+0.10,"6,244",-26,-552,10404,"311,741,920",11.75,11.8,11.6,11.65,-0.10,"5,464",-125,787,-205,-0.1
"311,741,920",11.75,11.8,11.6,11.65,-0.10,"5,464",-125,787,-205,"478,751,968",11.65,11.7,11.5,11.55,-0.10,"4,695",0,971,-4616,"232,631,212",11.55,11.7,11.55,11.6,+0.05,"4,087",0,556,2261,-0.05
"478,751,968",11.65,11.7,11.5,11.55,-0.10,"4,695",0,971,-4616,"232,631,212",11.55,11.7,11.55,11.6,+0.05,"4,087",0,556,2261,"299,622,075",11.55,11.65,11.5,11.55,-0.05,"5,113",0,-607,4353,-0.1
"299,622,075",11.55,11.65,11.5,11.55,-0.05,"5,113",0,-607,4353,"221,948,853",11.6,11.6,11.45,11.45,-0.10,"3,398",0,-95,-7426,"160,841,296",11.55,11.6,11.5,11.55,+0.10,"2,731",0,171,2394,-0.05
"155,609,392",11.55,11.6,11.45,11.5,-0.05,"2,758",0,-6,-1001,"565,925,092",11.6,11.8,11.6,11.8,+0.30,"7,833",0,-1231,13278,"751,386,406",11.8,12.05,11.75,12.0,+0.20,"8,817",0,-1129,9331,-0.1
"751,386,406",11.8,12.05,11.75,12.0,+0.20,"8,817",0,-1129,9331,"338,265,499",12.05,12.15,11.85,11.9,-0.10,"4,532",400,-2588,1167,"382,180,522",11.9,12.1,11.85,12.05,+0.15,"5,041",0,457,5600,-0.05
"338,265,499",12.05,12.15,11.85,11.9,-0.10,"4,532",400,-2588,1167,"382,180,522",11.9,12.1,11.85,12.05,+0.15,"5,041",0,457,5600,"455,628,927",12.1,12.2,11.9,12.0,-0.05,"5,503",-633,-3967,498,-0.05
"455,628,927",12.1,12.2,11.9,12.0,-0.05,"5,503",-633,-3967,498,"295,240,312",11.95,12.05,11.9,11.95,-0.05,"3,487",0,931,2941,"339,760,034",12.05,12.1,11.95,12.0,+0.05,"4,058",0,-625,7475,-0.1
"295,240,312",11.95,12.05,11.9,11.95,-0.05,"3,487",0,931,2941,"339,760,034",12.05,12.1,11.95,12.0,+0.05,"4,058",0,-625,7475,"128,574,362",12.05,12.05,11.85,11.9,-0.10,"2,319",0,-930,-1141,0.0
"339,760,034",12.05,12.1,11.95,12.0,+0.05,"4,058",0,-625,7475,"128,574,362",12.05,12.05,11.85,11.9,-0.10,"2,319",0,-930,-1141,"81,501,563",11.9,11.95,11.85,11.9, 0.00,"1,587",0,569,-1291,-0.1
"128,574,362",12.05,12.05,11.85,11.9,-0.10,"2,319",0,-930,-1141,"81,501,563",11.9,11.95,11.85,11.9, 0.00,"1,587",0,569,-1291,"310,432,813",11.9,11.95,11.8,11.8,-0.10,"2,142",0,2368,-6986,-0.1
"81,501,563",11.9,11.95,11.85,11.9, 0.00,"1,587",0,569,-1291,"310,432,813",11.9,11.95,11.8,11.8,-0.10,"2,142",0,2368,-6986,"141,185,837",11.8,11.8,11.7,11.7,-0.10,"1,969",0,601,-3667,0.0
"141,185,837",11.8,11.8,11.7,11.7,-0.10,"1,969",0,601,-3667,"148,375,937",11.65,11.75,11.6,11.7, 0.00,"2,935",0,-947,-5798,"42,467,586",11.7,11.8,11.7,11.75,+0.05,"1,008",0,-1,-1079,-0.05
"42,467,586",11.7,11.8,11.7,11.75,+0.05,"1,008",0,-1,-1079,"66,307,452",11.75,11.8,11.65,11.7,-0.05,"1,360",0,118,-1555,"188,610,826",11.75,11.95,11.7,11.85,+0.15,"2,038",0,1446,1133,-0.05
"188,610,826",11.75,11.95,11.7,11.85,+0.15,"2,038",0,1446,1133,"171,576,062",11.8,11.9,11.75,11.8,-0.05,"4,414",0,598,-2198,"291,306,570",11.85,12.0,11.8,12.0,+0.20,"4,375",0,250,5249,-0.05
"171,576,062",11.8,11.9,11.75,11.8,-0.05,"4,414",0,598,-2198,"291,306,570",11.85,12.0,11.8,12.0,+0.20,"4,375",0,250,5249,"145,354,475",12.0,12.0,11.85,11.95,-0.05,"3,490",0,-92,-3803,0.0
"145,354,475",12.0,12.0,11.85,11.95,-0.05,"3,490",0,-92,-3803,"167,819,010",11.95,12.0,11.85,11.95, 0.00,"5,218",0,-297,-1904,"275,795,966",11.9,12.05,11.9,12.05,+0.10,"3,162",15,650,-2721,0.0
"167,819,010",11.95,12.0,11.85,11.95, 0.00,"5,218",0,-297,-1904,"275,795,966",11.9,12.05,11.9,12.05,+0.10,"3,162",15,650,-2721,"202,310,023",12.0,12.05,11.95,12.05, 0.00,"3,126",-1,-539,-1921,-0.05
"142,948,758",11.95,12.05,11.9,12.05,+0.05,"2,376",0,-284,516,"199,081,282",12.05,12.15,11.95,12.15,+0.10,"3,547",0,-25,5105,"587,248,652",12.15,12.5,12.15,12.45,+0.30,"8,510",0,3613,11347,0.0
"199,081,282",12.05,12.15,11.95,12.15,+0.10,"3,547",0,-25,5105,"587,248,652",12.15,12.5,12.15,12.45,+0.30,"8,510",0,3613,11347,"229,153,217",12.45,12.45,12.35,12.45, 0.00,"3,212",0,-4968,305,-0.15
"229,153,217",12.45,12.45,12.35,12.45, 0.00,"3,212",0,-4968,305,"250,795,408",12.35,12.35,12.25,12.3,-0.15,"4,031",0,-1975,-5226,"147,315,971",12.25,12.4,12.25,12.35,+0.05,"2,630",0,-835,-1501,0.0
"250,795,408",12.35,12.35,12.25,12.3,-0.15,"4,031",0,-1975,-5226,"147,315,971",12.25,12.4,12.25,12.35,+0.05,"2,630",0,-835,-1501,"127,582,506",12.35,12.35,12.25,12.35, 0.00,"2,655",0,-1538,-1348,0.0
"147,315,971",12.25,12.4,12.25,12.35,+0.05,"2,630",0,-835,-1501,"127,582,506",12.35,12.35,12.25,12.35, 0.00,"2,655",0,-1538,-1348,"179,470,534",12.3,12.35,12.2,12.35, 0.00,"2,753",0,1740,-5518,-0.15
"179,470,534",12.3,12.35,12.2,12.35, 0.00,"2,753",0,1740,-5518,"247,798,726",12.25,12.3,12.2,12.2,-0.15,"3,563",590,761,-14708,"223,759,853",12.35,12.4,12.25,12.4,+0.20,"3,726",341,574,5094,0.0
"247,798,726",12.25,12.3,12.2,12.2,-0.15,"3,563",590,761,-14708,"223,759,853",12.35,12.4,12.25,12.4,+0.20,"3,726",341,574,5094,"282,044,811",12.35,12.45,12.3,12.4, 0.00,"4,800",370,-307,-61,-0.15
"223,759,853",12.35,12.4,12.25,12.4,+0.20,"3,726",341,574,5094,"282,044,811",12.35,12.45,12.3,12.4, 0.00,"4,800",370,-307,-61,"347,551,257",12.45,12.5,12.25,12.25,-0.15,"5,711",690,411,-9390,0.0
"347,551,257",12.45,12.5,12.25,12.25,-0.15,"5,711",690,411,-9390,"219,366,504",12.3,12.4,12.25,12.25, 0.00,"3,784",65,-120,-9195,"616,421,169",12.35,12.8,12.3,12.75,+0.50,"6,410",0,2339,-1988,0.0
"219,366,504",12.3,12.4,12.25,12.25, 0.00,"3,784",65,-120,-9195,"616,421,169",12.35,12.8,12.3,12.75,+0.50,"6,410",0,2339,-1988,"297,534,704",12.7,12.8,12.6,12.75, 0.00,"4,967",316,-2618,-4573,-0.05
"274,743,015",12.7,12.8,12.65,12.7,-0.05,"4,504",3819,-368,-6345,"481,295,189",12.7,12.9,12.65,12.75,+0.05,"3,674",1199,443,929,"477,235,331",12.8,13.0,12.8,12.95,+0.20,"6,224",855,1130,6335,-0.05
"481,295,189",12.7,12.9,12.65,12.75,+0.05,"3,674",1199,443,929,"477,235,331",12.8,13.0,12.8,12.95,+0.20,"6,224",855,1130,6335,"307,018,509",13.0,13.0,12.8,12.9,-0.05,"3,456",0,-474,-2771,0.0
"307,018,509",13.0,13.0,12.8,12.9,-0.05,"3,456",0,-474,-2771,"294,558,008",12.85,12.9,12.8,12.9, 0.00,"4,232",4,274,5348,"290,201,865",12.9,13.0,12.9,13.0,+0.10,"4,543",1500,365,7631,0.0
"294,558,008",12.85,12.9,12.8,12.9, 0.00,"4,232",4,274,5348,"290,201,865",12.9,13.0,12.9,13.0,+0.10,"4,543",1500,365,7631,"456,000,164",13.05,13.2,12.95,13.0, 0.00,"5,948",0,3158,150,0.0
"290,201,865",12.9,13.0,12.9,13.0,+0.10,"4,543",1500,365,7631,"456,000,164",13.05,13.2,12.95,13.0, 0.00,"5,948",0,3158,150,"300,750,310",13.0,13.05,12.85,13.0, 0.00,"6,519",5,-440,-2482,0.0
"456,000,164",13.05,13.2,12.95,13.0, 0.00,"5,948",0,3158,150,"300,750,310",13.0,13.05,12.85,13.0, 0.00,"6,519",5,-440,-2482,"111,394,120",13.0,13.1,12.9,13.0, 0.00,"1,069",0,175,328,-0.1
"111,394,120",13.0,13.1,12.9,13.0, 0.00,"1,069",0,175,328,"268,460,124",13.0,13.05,12.9,12.9,-0.10,"3,345",0,-694,-6604,"294,643,281",12.9,13.05,12.85,13.05,+0.15,"3,465",0,695,7342,-0.05
"268,460,124",13.0,13.05,12.9,12.9,-0.10,"3,345",0,-694,-6604,"294,643,281",12.9,13.05,12.85,13.05,+0.15,"3,465",0,695,7342,"241,637,073",13.1,13.1,12.9,13.0,-0.05,"2,344",0,-497,-6528,-0.2
"241,637,073",13.1,13.1,12.9,13.0,-0.05,"2,344",0,-497,-6528,"339,438,151",12.9,13.0,12.8,12.8,-0.20,"3,375",3,49,-13334,"359,733,962",12.85,13.0,12.8,13.0,+0.20,"4,594",1,213,4872,-0.2
"359,733,962",12.85,13.0,12.8,13.0,+0.20,"4,594",1,213,4872,"291,955,695",12.9,12.95,12.8,12.8,-0.20,"3,782",0,-995,-7732,"411,284,139",12.9,13.0,12.85,12.95,+0.15,"2,824",0,835,6800,-0.1
"411,284,139",12.9,13.0,12.85,12.95,+0.15,"2,824",0,835,6800,"194,665,513",12.9,12.95,12.8,12.85,-0.10,"2,977",-15,-4165,3878,"154,304,849",12.9,12.95,12.85,12.9,+0.05,"2,090",116,-76,3563,-0.05
"194,665,513",12.9,12.95,12.8,12.85,-0.10,"2,977",-15,-4165,3878,"154,304,849",12.9,12.95,12.85,12.9,+0.05,"2,090",116,-76,3563,"178,762,223",12.8,12.9,12.8,12.85,-0.05,"2,314",684,412,4184,0.0
"154,304,849",12.9,12.95,12.85,12.9,+0.05,"2,090",116,-76,3563,"178,762,223",12.8,12.9,12.8,12.85,-0.05,"2,314",684,412,4184,"313,038,701",12.85,12.9,12.75,12.85, 0.00,"3,414",0,2604,4105,-0.1
"191,075,515",12.8,12.85,12.7,12.8,+0.05,"2,813",0,201,2771,"190,988,781",12.8,12.95,12.8,12.9,+0.10,"2,692",-400,-47,6569,"883,402,399",13.0,13.35,13.0,13.3,+0.40,"9,822",-48,3275,36267,-0.15
"190,988,781",12.8,12.95,12.8,12.9,+0.10,"2,692",-400,-47,6569,"883,402,399",13.0,13.35,13.0,13.3,+0.40,"9,822",-48,3275,36267,"300,617,331",13.3,13.3,13.05,13.15,-0.15,"4,335",0,-1939,-4868,0.0
"300,617,331",13.3,13.3,13.05,13.15,-0.15,"4,335",0,-1939,-4868,"350,878,281",13.2,13.2,13.1,13.15, 0.00,"4,582",0,-2573,7266,"474,419,420",13.15,13.3,13.15,13.3,+0.15,"5,168",19,-848,19015,-0.1
"350,878,281",13.2,13.2,13.1,13.15, 0.00,"4,582",0,-2573,7266,"474,419,420",13.15,13.3,13.15,13.3,+0.15,"5,168",19,-848,19015,"156,523,685",13.3,13.3,13.15,13.2,-0.10,"3,247",-8,-558,1486,0.0
"474,419,420",13.15,13.3,13.15,13.3,+0.15,"5,168",19,-848,19015,"156,523,685",13.3,13.3,13.15,13.2,-0.10,"3,247",-8,-558,1486,"303,095,331",13.2,13.25,13.15,13.2, 0.00,"4,583",-1,-182,10929,-0.1
"303,095,331",13.2,13.25,13.15,13.2, 0.00,"4,583",-1,-182,10929,"327,077,022",13.1,13.15,13.0,13.1,-0.10,"5,179",0,-7028,7166,"184,186,527",13.15,13.2,13.05,13.15,+0.05,"3,161",0,-58,3535,0.0
"327,077,022",13.1,13.15,13.0,13.1,-0.10,"5,179",0,-7028,7166,"184,186,527",13.15,13.2,13.05,13.15,+0.05,"3,161",0,-58,3535,"301,080,731",13.2,13.25,13.1,13.15, 0.00,"4,274",4,-110,9459,-0.1
"184,186,527",13.15,13.2,13.05,13.15,+0.05,"3,161",0,-58,3535,"301,080,731",13.2,13.25,13.1,13.15, 0.00,"4,274",4,-110,9459,"313,251,348",13.05,13.15,13.0,13.05,-0.10,"4,716",53,910,9887,-0.15
"301,080,731",13.2,13.25,13.1,13.15, 0.00,"4,274",4,-110,9459,"313,251,348",13.05,13.15,13.0,13.05,-0.10,"4,716",53,910,9887,"530,149,876",12.95,13.0,12.75,12.9,-0.15,"6,132",0,-1330,9498,0.0
"530,149,876",12.95,13.0,12.75,12.9,-0.15,"6,132",0,-1330,9498,"276,336,829",12.9,12.95,12.8,12.9, 0.00,"3,279",-2,198,9096,"281,367,121",12.85,12.95,12.85,12.95,+0.05,"3,088",0,287,971,-0.15
"242,586,088",12.9,12.95,12.8,12.8,-0.15,"3,842",0,307,-7278,"477,580,059",12.9,13.05,12.85,13.05,+0.25,"5,793",0,-642,15771,"277,447,323",13.05,13.15,13.0,13.15,+0.10,"4,241",0,-1082,15512,0.0
"477,580,059",12.9,13.05,12.85,13.05,+0.25,"5,793",0,-642,15771,"277,447,323",13.05,13.15,13.0,13.15,+0.10,"4,241",0,-1082,15512,"435,882,401",13.2,13.2,12.9,13.15, 0.00,"3,354",-493,-976,8257,-0.2
"277,447,323",13.05,13.15,13.0,13.15,+0.10,"4,241",0,-1082,15512,"435,882,401",13.2,13.2,12.9,13.15, 0.00,"3,354",-493,-976,8257,"268,127,285",13.05,13.1,12.95,12.95,-0.20,"1,807",-994,186,830,-0.1
"268,127,285",13.05,13.1,12.95,12.95,-0.20,"1,807",-994,186,830,"279,904,342",12.95,13.0,12.8,12.85,-0.10,"3,594",0,494,-3573,"222,510,184",12.85,12.9,12.8,12.9,+0.05,"3,281",0,272,4756,-0.05
"279,904,342",12.95,13.0,12.8,12.85,-0.10,"3,594",0,494,-3573,"222,510,184",12.85,12.9,12.8,12.9,+0.05,"3,281",0,272,4756,"117,812,138",12.9,12.9,12.8,12.85,-0.05,"1,828",-2,207,-1732,-0.2
"222,510,184",12.85,12.9,12.8,12.9,+0.05,"3,281",0,272,4756,"117,812,138",12.9,12.9,12.8,12.85,-0.05,"1,828",-2,207,-1732,"193,992,204",12.8,12.85,12.65,12.65,-0.20,"2,362",-29,539,2313,0.0
"193,992,204",12.8,12.85,12.65,12.65,-0.20,"2,362",-29,539,2313,"144,464,015",12.65,12.7,12.55,12.65, 0.00,"2,006",-340,-175,2096,"135,920,810",12.75,12.75,12.6,12.75,+0.10,"2,219",-278,-172,4297,-0.2
"144,464,015",12.65,12.7,12.55,12.65, 0.00,"2,006",-340,-175,2096,"135,920,810",12.75,12.75,12.6,12.75,+0.10,"2,219",-278,-172,4297,"199,300,032",12.6,12.7,12.5,12.55,-0.20,"4,897",-413,-944,-1934,-0.05
"150,624,864",12.6,12.7,12.55,12.7,+0.20,"1,925",0,-964,4561,"107,569,313",12.65,12.75,12.6,12.75,+0.05,"1,648",0,65,4253,"372,573,188",12.8,12.95,12.7,12.95,+0.20,"4,857",0,1119,14886,0.0
"107,569,313",12.65,12.75,12.6,12.75,+0.05,"1,648",0,65,4253,"372,573,188",12.8,12.95,12.7,12.95,+0.20,"4,857",0,1119,14886,"280,107,329",12.95,13.0,12.85,12.95, 0.00,"4,257",5,-181,12508,0.0
"372,573,188",12.8,12.95,12.7,12.95,+0.20,"4,857",0,1119,14886,"280,107,329",12.95,13.0,12.85,12.95, 0.00,"4,257",5,-181,12508,"246,362,215",12.95,12.95,12.85,12.95, 0.00,"3,766",-5,303,9938,-0.05
"246,362,215",12.95,12.95,12.85,12.95, 0.00,"3,766",-5,303,9938,"174,486,184",12.9,12.95,12.8,12.9,-0.05,"2,764",-24,-129,3939,"233,178,550",12.95,13.0,12.85,13.0,+0.10,"3,967",-2,1258,8818,0.0
"174,486,184",12.9,12.95,12.8,12.9,-0.05,"2,764",-24,-129,3939,"233,178,550",12.95,13.0,12.85,13.0,+0.10,"3,967",-2,1258,8818,"129,937,721",13.0,13.0,12.9,13.0, 0.00,"2,574",0,-185,3569,0.0
"233,178,550",12.95,13.0,12.85,13.0,+0.10,"3,967",-2,1258,8818,"129,937,721",13.0,13.0,12.9,13.0, 0.00,"2,574",0,-185,3569,"171,932,581",13.0,13.05,12.95,13.0, 0.00,"2,165",0,-1247,9835,0.0
"171,932,581",13.0,13.05,12.95,13.0, 0.00,"2,165",0,-1247,9835,"181,105,047",13.0,13.05,12.95,13.0, 0.00,"2,419",0,-1441,7237,"189,105,804",13.0,13.05,13.0,13.05,+0.05,"2,675",0,-875,9776,-0.1
"189,105,804",13.0,13.05,13.0,13.05,+0.05,"2,675",0,-875,9776,"233,018,716",13.0,13.1,12.95,12.95,-0.10,"2,679",-25,-948,8643,"279,289,341",13.0,13.05,12.95,13.05,+0.10,"2,881",0,-2143,13705,-0.05
"233,018,716",13.0,13.1,12.95,12.95,-0.10,"2,679",-25,-948,8643,"279,289,341",13.0,13.05,12.95,13.05,+0.10,"2,881",0,-2143,13705,"169,142,134",13.05,13.05,12.95,13.0,-0.05,"3,158",0,-1204,8011,0.0
"279,289,341",13.0,13.05,12.95,13.05,+0.10,"2,881",0,-2143,13705,"169,142,134",13.05,13.05,12.95,13.0,-0.05,"3,158",0,-1204,8011,"140,712,192",13.0,13.05,12.95,13.0, 0.00,"3,458",0,-102,3299,0.0
"140,712,192",13.0,13.05,12.95,13.0, 0.00,"3,458",0,-102,3299,"150,003,998",13.0,13.0,12.9,13.0, 0.00,"3,564",474,-54,2681,"546,088,313",13.05,13.1,13.0,13.1,+0.10,"7,096",1377,-2341,29160,-0.1
"150,003,998",13.0,13.0,12.9,13.0, 0.00,"3,564",474,-54,2681,"546,088,313",13.05,13.1,13.0,13.1,+0.10,"7,096",1377,-2341,29160,"252,828,286",13.1,13.1,12.9,13.0,-0.10,"4,624",0,-1191,6055,-0.1
"546,088,313",13.05,13.1,13.0,13.1,+0.10,"7,096",1377,-2341,29160,"252,828,286",13.1,13.1,12.9,13.0,-0.10,"4,624",0,-1191,6055,"317,972,703",12.9,12.95,12.85,12.9,-0.10,"3,303",-12,-819,10147,0.0
"252,828,286",13.1,13.1,12.9,13.0,-0.10,"4,624",0,-1191,6055,"317,972,703",12.9,12.95,12.85,12.9,-0.10,"3,303",-12,-819,10147,"258,816,394",12.9,12.95,12.85,12.9, 0.00,"2,874",0,-1223,5976,0.0
"258,816,394",12.9,12.95,12.85,12.9, 0.00,"2,874",0,-1223,5976,"206,871,696",12.9,12.95,12.85,12.9, 0.00,"3,881",-2182,-861,8437,"318,892,812",12.9,13.05,12.9,13.0,+0.10,"3,532",-3279,-1093,16470,0.0
"216,102,015",13.0,13.05,12.95,13.0, 0.00,"3,438",0,-544,8958,"229,417,309",13.0,13.1,12.95,13.1,+0.10,"3,501",-11,-636,9616,"324,097,467",13.1,13.2,13.05,13.2,+0.10,"5,423",-66,-468,15049,-0.15
"711,915,108",13.2,13.25,13.05,13.05,-0.15,"4,606",198,-383,4909,"193,394,628",13.05,13.15,13.05,13.15,+0.10,"2,360",0,-795,5036,"236,036,294",13.15,13.2,13.1,13.2,+0.05,"3,619",-47,-395,6856,-0.05
"236,036,294",13.15,13.2,13.1,13.2,+0.05,"3,619",-47,-395,6856,"30,962,790",13.2,13.2,13.1,13.15,-0.05,557,-17,361,1,"273,213,900",13.15,13.25,13.1,13.25,+0.10,"3,800",-23,324,7173,-0.1
"273,213,900",13.15,13.25,13.1,13.25,+0.10,"3,800",-23,324,7173,"151,753,631",13.2,13.25,13.15,13.15,-0.10,"2,718",-4,-316,674,"145,282,557",13.15,13.2,13.1,13.2,+0.05,"2,835",-17,-924,4349,-0.05
"151,753,631",13.2,13.25,13.15,13.15,-0.10,"2,718",-4,-316,674,"145,282,557",13.15,13.2,13.1,13.2,+0.05,"2,835",-17,-924,4349,"103,833,738",13.2,13.2,13.1,13.15,-0.05,"2,158",-8,-58,-511,-0.2
"145,282,557",13.15,13.2,13.1,13.2,+0.05,"2,835",-17,-924,4349,"103,833,738",13.2,13.2,13.1,13.15,-0.05,"2,158",-8,-58,-511,"204,904,693",13.1,13.15,12.9,12.95,-0.20,"3,169",-17,62,-4471,-0.1
"204,904,693",13.1,13.15,12.9,12.95,-0.20,"3,169",-17,62,-4471,"149,867,230",12.9,13.0,12.85,12.85,-0.10,"2,228",0,-9,-4727,"59,738,600",12.9,12.95,12.85,12.9,+0.05,"1,129",0,-842,1999,0.0
"59,738,600",12.9,12.95,12.85,12.9,+0.05,"1,129",0,-842,1999,"110,791,386",12.9,12.95,12.85,12.9, 0.00,"1,325",-5,-1323,715,"90,811,323",12.9,12.95,12.85,12.95,+0.05,"1,710",0,-67,32,-0.1
"164,460,137",12.9,12.95,12.85,12.85,-0.10,"1,552",168,-11,-1832,"159,227,218",12.85,13.0,12.85,13.0,+0.15,"2,979",-12,230,2893,"448,207,033",13.05,13.25,13.0,13.2,+0.20,"3,991",-33,3219,-112,-0.05
"159,227,218",12.85,13.0,12.85,13.0,+0.15,"2,979",-12,230,2893,"448,207,033",13.05,13.25,13.0,13.2,+0.20,"3,991",-33,3219,-112,"656,694,312",13.15,13.2,13.0,13.15,-0.05,"8,617",0,-1831,1964,-0.05
"448,207,033",13.05,13.25,13.0,13.2,+0.20,"3,991",-33,3219,-112,"656,694,312",13.15,13.2,13.0,13.15,-0.05,"8,617",0,-1831,1964,"136,750,940",13.15,13.15,13.0,13.1,-0.05,"3,070",0,-96,-198,0.0
"136,750,940",13.15,13.15,13.0,13.1,-0.05,"3,070",0,-96,-198,"133,529,125",13.1,13.15,13.0,13.1, 0.00,"2,635",-12,-781,1659,"342,644,229",13.1,13.3,13.05,13.3,+0.20,"4,936",-17,1089,12630,0.0
"133,529,125",13.1,13.15,13.0,13.1, 0.00,"2,635",-12,-781,1659,"342,644,229",13.1,13.3,13.05,13.3,+0.20,"4,936",-17,1089,12630,"225,140,904",13.3,13.35,13.25,13.3, 0.00,"3,402",-5,428,4839,-0.15
"243,022,379",13.25,13.3,13.15,13.15,-0.15,"2,791",0,-1563,2663,"368,364,180",13.25,13.45,13.25,13.3,+0.15,"5,393",-6,-2127,9074,"200,515,326",13.3,13.4,13.2,13.4,+0.10,"3,533",-2,-636,7870,-0.05
"200,515,326",13.3,13.4,13.2,13.4,+0.10,"3,533",-2,-636,7870,"205,313,552",13.4,13.4,13.25,13.35,-0.05,"2,979",-42,-425,1604,"860,554,518",13.4,13.95,13.4,13.8,+0.45,"9,720",-9,3305,24415,0.0
"205,313,552",13.4,13.4,13.25,13.35,-0.05,"2,979",-42,-425,1604,"860,554,518",13.4,13.95,13.4,13.8,+0.45,"9,720",-9,3305,24415,"525,690,037",13.9,14.0,13.7,13.8, 0.00,"5,843",0,-3049,2411,-0.05
"860,554,518",13.4,13.95,13.4,13.8,+0.45,"9,720",-9,3305,24415,"525,690,037",13.9,14.0,13.7,13.8, 0.00,"5,843",0,-3049,2411,"191,124,148",13.8,13.85,13.65,13.75,-0.05,"2,917",0,-585,-188,-0.3
"525,690,037",13.9,14.0,13.7,13.8, 0.00,"5,843",0,-3049,2411,"191,124,148",13.8,13.85,13.65,13.75,-0.05,"2,917",0,-585,-188,"233,907,510",13.7,13.7,13.45,13.45,-0.30,"3,517",0,-169,-1719,-0.05
"231,608,335",13.45,13.6,13.45,13.5,+0.10,"2,900",0,2559,3677,"394,266,263",13.5,13.75,13.5,13.6,+0.10,"4,746",-23,4081,-949,"569,816,217",13.65,13.7,13.6,13.7,+0.10,"6,614",-22,11403,-1459,0.0
"394,266,263",13.5,13.75,13.5,13.6,+0.10,"4,746",-23,4081,-949,"569,816,217",13.65,13.7,13.6,13.7,+0.10,"6,614",-22,11403,-1459,"393,237,404",13.25,13.3,13.15,13.25,0,"4,723",-23,-7743,-5161,-0.15
"569,816,217",13.65,13.7,13.6,13.7,+0.10,"6,614",-22,11403,-1459,"393,237,404",13.25,13.3,13.15,13.25,0,"4,723",-23,-7743,-5161,"259,748,844",13.25,13.25,13.1,13.1,-0.15,"4,377",-3,-3186,-3678,-0.1
"259,748,844",13.25,13.25,13.1,13.1,-0.15,"4,377",-3,-3186,-3678,"314,296,016",13.05,13.1,12.95,13.0,-0.10,"4,173",39,-321,-3292,"312,221,542",13.0,13.25,13.0,13.2,+0.20,"4,508",0,-1321,7963,-0.05
"314,296,016",13.05,13.1,12.95,13.0,-0.10,"4,173",39,-321,-3292,"312,221,542",13.0,13.25,13.0,13.2,+0.20,"4,508",0,-1321,7963,"172,192,066",13.2,13.25,13.05,13.15,-0.05,"3,029",8,-226,1713,-0.15
"312,221,542",13.0,13.25,13.0,13.2,+0.20,"4,508",0,-1321,7963,"172,192,066",13.2,13.25,13.05,13.15,-0.05,"3,029",8,-226,1713,"216,515,711",13.1,13.15,12.95,13.0,-0.15,"3,633",-2,-1600,1595,0.0
"172,192,066",13.2,13.25,13.05,13.15,-0.05,"3,029",8,-226,1713,"216,515,711",13.1,13.15,12.95,13.0,-0.15,"3,633",-2,-1600,1595,"196,454,528",12.95,13.0,12.85,13.0, 0.00,"3,796",0,-241,1881,-0.05
"216,515,711",13.1,13.15,12.95,13.0,-0.15,"3,633",-2,-1600,1595,"196,454,528",12.95,13.0,12.85,13.0, 0.00,"3,796",0,-241,1881,"113,384,118",13.0,13.05,12.9,12.95,-0.05,"2,922",5,-133,2257,0.0
"113,384,118",13.0,13.05,12.9,12.95,-0.05,"2,922",5,-133,2257,"175,365,441",12.95,13.05,12.9,12.95, 0.00,"2,325",-23,172,1012,"429,898,194",13.0,13.15,12.95,13.15,+0.20,"4,876",0,12,22535,-0.2
"175,365,441",12.95,13.05,12.9,12.95, 0.00,"2,325",-23,172,1012,"429,898,194",13.0,13.15,12.95,13.15,+0.20,"4,876",0,12,22535,"236,342,316",13.15,13.15,12.9,12.95,-0.20,"2,696",83,-2860,-175,0.0
"429,898,194",13.0,13.15,12.95,13.15,+0.20,"4,876",0,12,22535,"236,342,316",13.15,13.15,12.9,12.95,-0.20,"2,696",83,-2860,-175,"262,242,143",12.95,13.0,12.85,12.95, 0.00,"2,736",21,191,-3394,-0.05
"262,242,143",12.95,13.0,12.85,12.95, 0.00,"2,736",21,191,-3394,"232,912,456",12.95,13.0,12.9,12.9,-0.05,"3,900",-24,-95,4025,"246,347,709",12.95,13.0,12.9,13.0,+0.10,"2,750",-3,481,4575,-0.1
"232,912,456",12.95,13.0,12.9,12.9,-0.05,"3,900",-24,-95,4025,"246,347,709",12.95,13.0,12.9,13.0,+0.10,"2,750",-3,481,4575,"356,402,327",12.9,12.95,12.75,12.9,-0.10,"3,879",25,-493,-2604,0.0
"356,402,327",12.9,12.95,12.75,12.9,-0.10,"3,879",25,-493,-2604,"157,582,899",12.85,12.95,12.85,12.9, 0.00,"1,964",29,-24,-3098,"166,798,092",12.95,13.0,12.9,12.95,+0.05,"2,492",23,742,45,0.0
"166,798,092",12.95,13.0,12.9,12.95,+0.05,"2,492",23,742,45,"365,659,350",13.0,13.05,12.85,12.95, 0.00,"3,467",26,214,637,"263,310,881",12.95,13.05,12.9,13.0,+0.05,"2,462",42,-619,4887,-0.1
"263,310,881",12.95,13.05,12.9,13.0,+0.05,"2,462",42,-619,4887,"244,613,355",13.0,13.0,12.8,12.9,-0.10,"2,571",22,-563,6685,"288,028,743",12.85,12.95,12.8,12.95,+0.05,"2,340",6,148,6512,-0.1
"244,613,355",13.0,13.0,12.8,12.9,-0.10,"2,571",22,-563,6685,"288,028,743",12.85,12.95,12.8,12.95,+0.05,"2,340",6,148,6512,"111,454,358",12.95,13.0,12.8,12.85,-0.10,"1,705",22,-772,-22,0.0
"73,370,312",12.9,12.95,12.8,12.85, 0.00,"1,606",17,-214,1188,"154,009,061",12.85,12.95,12.8,12.9,+0.05,"2,999",31,11,1091,"176,544,529",12.95,13.05,12.9,13.05,+0.15,"2,362",1,560,6685,-0.15
"154,009,061",12.85,12.95,12.8,12.9,+0.05,"2,999",31,11,1091,"176,544,529",12.95,13.05,12.9,13.05,+0.15,"2,362",1,560,6685,"238,510,590",12.95,13.0,12.85,12.9,-0.15,"3,883",0,-405,-4715,-0.1
"130,174,681",12.85,12.95,12.8,12.9,+0.10,"2,443",0,-185,3057,"223,705,547",12.95,13.05,12.95,13.0,+0.10,"3,243",-2,137,4825,"213,811,760",13.0,13.05,12.95,13.05,+0.05,"3,929",-899,28,3593,0.0
"223,705,547",12.95,13.05,12.95,13.0,+0.10,"3,243",-2,137,4825,"213,811,760",13.0,13.05,12.95,13.05,+0.05,"3,929",-899,28,3593,"180,811,417",13.05,13.1,12.95,13.05, 0.00,"3,177",-8,-292,-1801,-0.05
"213,811,760",13.0,13.05,12.95,13.05,+0.05,"3,929",-899,28,3593,"180,811,417",13.05,13.1,12.95,13.05, 0.00,"3,177",-8,-292,-1801,"205,548,958",13.05,13.05,12.95,13.0,-0.05,"2,991",-566,-168,71,0.0
"164,109,497",13.0,13.05,12.95,13.05,+0.05,"2,454",-84,600,423,"239,414,229",13.05,13.1,13.0,13.1,+0.05,"2,406",1,517,4528,"423,556,473",13.1,13.3,13.05,13.2,+0.10,"4,409",-9,1491,11,-0.15
"239,414,229",13.05,13.1,13.0,13.1,+0.05,"2,406",1,517,4528,"423,556,473",13.1,13.3,13.05,13.2,+0.10,"4,409",-9,1491,11,"152,807,076",13.2,13.2,13.0,13.05,-0.15,"2,496",0,-239,-942,0.0
"423,556,473",13.1,13.3,13.05,13.2,+0.10,"4,409",-9,1491,11,"152,807,076",13.2,13.2,13.0,13.05,-0.15,"2,496",0,-239,-942,"352,600,948",13.05,13.1,13.0,13.05, 0.00,"3,285",2,65,-4167,0.0
"152,807,076",13.2,13.2,13.0,13.05,-0.15,"2,496",0,-239,-942,"352,600,948",13.05,13.1,13.0,13.05, 0.00,"3,285",2,65,-4167,"258,959,068",13.0,13.05,12.95,13.05, 0.00,"4,932",-5,-603,3138,-0.05
"314,741,208",13.05,13.15,13.0,13.15,+0.15,"4,756",14,-169,4698,"178,361,725",13.2,13.25,13.1,13.2,+0.05,"3,554",0,-930,2351,"267,479,453",13.25,13.3,13.2,13.3,+0.10,"3,692",221,224,5720,-0.15
"178,361,725",13.2,13.25,13.1,13.2,+0.05,"3,554",0,-930,2351,"267,479,453",13.25,13.3,13.2,13.3,+0.10,"3,692",221,224,5720,"172,453,379",13.3,13.3,13.15,13.15,-0.15,"2,129",55,-195,-5571,0.0
"152,573,195",13.1,13.2,13.05,13.15, 0.00,"2,230",17,-105,-926,"277,044,886",13.1,13.3,13.05,13.3,+0.15,"2,871",53,-307,2191,"648,644,462",13.25,13.6,13.2,13.55,+0.25,"8,327",160,3972,-438,-0.2
"277,044,886",13.1,13.3,13.05,13.3,+0.15,"2,871",53,-307,2191,"648,644,462",13.25,13.6,13.2,13.55,+0.25,"8,327",160,3972,-438,"341,696,207",13.55,13.6,13.35,13.35,-0.20,"6,139",138,-963,-1410,-0.15
"341,696,207",13.55,13.6,13.35,13.35,-0.20,"6,139",138,-963,-1410,"207,758,680",13.35,13.4,13.15,13.2,-0.15,"4,454",0,-2571,-4017,"312,331,196",13.15,13.4,13.15,13.3,+0.10,"2,878",0,918,-2343,-0.1
"207,758,680",13.35,13.4,13.15,13.2,-0.15,"4,454",0,-2571,-4017,"312,331,196",13.15,13.4,13.15,13.3,+0.10,"2,878",0,918,-2343,"227,649,908",13.25,13.25,13.1,13.2,-0.10,"3,264",0,-1567,1782,-0.1
"312,331,196",13.15,13.4,13.15,13.3,+0.10,"2,878",0,918,-2343,"227,649,908",13.25,13.25,13.1,13.2,-0.10,"3,264",0,-1567,1782,"189,049,670",13.2,13.2,13.0,13.1,-0.10,"2,645",0,-424,2566,-0.05
"227,649,908",13.25,13.25,13.1,13.2,-0.10,"3,264",0,-1567,1782,"189,049,670",13.2,13.2,13.0,13.1,-0.10,"2,645",0,-424,2566,"118,454,668",13.05,13.15,13.05,13.05,-0.05,"2,234",0,-478,-413,0.0
"189,049,670",13.2,13.2,13.0,13.1,-0.10,"2,645",0,-424,2566,"118,454,668",13.05,13.15,13.05,13.05,-0.05,"2,234",0,-478,-413,"138,548,354",13.05,13.15,13.05,13.05, 0.00,"2,042",0,-597,-1210,-0.1
"194,813,445",13.15,13.15,12.95,12.95,-0.10,"2,876",9,-393,-3641,"170,890,584",13.0,13.1,12.95,13.05,+0.10,"2,246",-5,264,2579,"22,702,863",13.05,13.1,13.0,13.1,+0.05,341,0,-428,0,0.0
"22,702,863",13.05,13.1,13.0,13.1,+0.05,341,0,-428,0,"74,303,081",13.1,13.15,13.05,13.1, 0.00,983,0,27,-959,"85,030,998",13.15,13.2,13.05,13.15,+0.05,"1,807",1,-178,771,-0.05
"231,900,185",13.15,13.2,13.1,13.2,+0.10,"2,216",39,356,5449,"282,126,214",13.3,13.3,13.2,13.3,+0.10,"4,140",-14,-368,2656,"316,538,816",13.3,13.4,13.25,13.4,+0.10,"4,343",0,57,7151,0.0
"282,126,214",13.3,13.3,13.2,13.3,+0.10,"4,140",-14,-368,2656,"316,538,816",13.3,13.4,13.25,13.4,+0.10,"4,343",0,57,7151,"252,930,704",13.35,13.45,13.35,13.4, 0.00,"4,599",6,235,979,-0.05
"316,538,816",13.3,13.4,13.25,13.4,+0.10,"4,343",0,57,7151,"252,930,704",13.35,13.45,13.35,13.4, 0.00,"4,599",6,235,979,"224,245,565",13.45,13.45,13.25,13.35,-0.05,"2,602",-8,40,2088,0.0
"252,930,704",13.35,13.45,13.35,13.4, 0.00,"4,599",6,235,979,"224,245,565",13.45,13.45,13.25,13.35,-0.05,"2,602",-8,40,2088,"185,876,493",13.35,13.4,13.3,13.35, 0.00,"2,407",-6,-297,1360,-0.2
"185,876,493",13.35,13.4,13.3,13.35, 0.00,"2,407",-6,-297,1360,"316,490,112",13.35,13.4,13.15,13.15,-0.20,"6,161",-6,1349,-7726,"104,188,176",13.2,13.3,13.2,13.3,+0.15,"1,598",-51,-575,3070,-0.1
"104,188,176",13.2,13.3,13.2,13.3,+0.15,"1,598",-51,-575,3070,"126,011,317",13.25,13.3,13.2,13.2,-0.10,"2,329",0,-334,247,"212,355,288",13.2,13.4,13.2,13.35,+0.15,"2,577",3111,14,-1048,-0.05
"126,011,317",13.25,13.3,13.2,13.2,-0.10,"2,329",0,-334,247,"212,355,288",13.2,13.4,13.2,13.35,+0.15,"2,577",3111,14,-1048,"193,108,737",13.3,13.35,13.25,13.3,-0.05,"2,809",-7,-502,-1458,0.0
"212,355,288",13.2,13.4,13.2,13.35,+0.15,"2,577",3111,14,-1048,"193,108,737",13.3,13.35,13.25,13.3,-0.05,"2,809",-7,-502,-1458,"210,460,563",13.25,13.35,13.25,13.3, 0.00,"3,302",328,1435,-8572,0.0
"210,460,563",13.25,13.35,13.25,13.3, 0.00,"3,302",328,1435,-8572,"165,908,569",13.3,13.4,13.25,13.3, 0.00,"2,886",-6,-81,-1486,"298,817,069",13.35,13.45,13.3,13.35,+0.05,"3,094",1169,-1319,84,0.0
